System Timestamp	Message	Message Type	GT_depth	World Gaze Point X	World Gaze Point Y	World Gaze Point Z	World Gaze Origin R X	World Gaze Origin R Z	World Gaze Origin L X	World Gaze Origin L Z	World Gaze Direction R X	World Gaze Direction R Y	World Gaze Direction R Z	World Gaze Direction L X	World Gaze Direction L Y	World Gaze Direction L Z	Estimated Depth
63816820001283	Data collection started	DepthCalibration	
63816820001283	 sample	DepthCalibration	0.293794510898249	0.01006601	0.007870558	0.01323466	0.03410285	-0.026	-0.03357511	-0.026	0.2194027	0.1754707	0.9597252	0.2562849	0.206479	0.9442905	5.57192499319581
63816820001285	 sample	DepthCalibration	0.293794510898249	0.01006601	0.007870558	0.01323466	0.03410285	-0.026	-0.03357511	-0.026	0.2194027	0.1754707	0.9597252	0.2562849	0.206479	0.9442905	5.57192499319581
63816820001462	 sample	DepthCalibration	0.460585443565836	0.009048837	0.006929517	0.009331144	0.03410285	-0.026	-0.03357511	-0.026	0.2173248	0.1725766	0.9607223	0.2566085	0.2012583	0.9453291	5.44114164668424
63816820001464	 sample	DepthCalibration	0.460585443565836	0.009048837	0.006929517	0.009331144	0.03410285	-0.026	-0.03357511	-0.026	0.2173248	0.1725766	0.9607223	0.2566085	0.2012583	0.9453291	5.44114164668424
63816820001489	 sample	DepthCalibration	0.479378478946521	0.01007678	0.00771864	0.01340809	0.03410285	-0.026	-0.03357511	-0.026	0.2176993	0.1726198	0.9606297	0.2569081	0.200697	0.9453671	5.43970296609867
63816820001490	 sample	DepthCalibration	0.479378478946521	0.01007678	0.00771864	0.01340809	0.03410285	-0.026	-0.03357511	-0.026	0.2176993	0.1726198	0.9606297	0.2569081	0.200697	0.9453671	5.43970296609867
63816820001669	 sample	DepthCalibration	0.596587728103811	0.002042966	0.001410105	-0.01885832	0.03410285	-0.026	-0.03357511	-0.026	0.2159297	0.1737436	0.9608265	0.2587151	0.2024574	0.9444985	5.74136490796792
63816820001670	 sample	DepthCalibration	0.596587728103811	0.002042966	0.001410105	-0.01885832	0.03410285	-0.026	-0.03357511	-0.026	0.2159297	0.1737436	0.9608265	0.2587151	0.2024574	0.9444985	5.74136490796792
63816820001696	 sample	DepthCalibration	0.61245842422757	0.004945017	0.003735696	-0.007073442	0.03410285	-0.026	-0.03357511	-0.026	0.2157362	0.1728359	0.9610336	0.2557157	0.2033966	0.9451134	7.73280878673645
63816820001697	 sample	DepthCalibration	0.61245842422757	0.004945017	0.003735696	-0.007073442	0.03410285	-0.026	-0.03357511	-0.026	0.2157362	0.1728359	0.9610336	0.2557157	0.2033966	0.9451134	7.73280878673645
63816820001881	 sample	DepthCalibration	0.70998440248523	0.003264342	0.005796977	-0.0008830242	0.03410285	-0.026	-0.03357511	-0.026	0.0871291	0.2215483	0.9712491	0.1440142	0.2250251	0.9636512	2.61286293781684
63816820001881	 sample	DepthCalibration	0.70998440248523	0.003264342	0.005796977	-0.0008830242	0.03410285	-0.026	-0.03357511	-0.026	0.0871291	0.2215483	0.9712491	0.1440142	0.2250251	0.9636512	2.61286293781684
63816820001901	 sample	DepthCalibration	0.720239795317252	0.008938997	0.01805795	0.0520472	0.03410285	-0.026	-0.03357511	-0.026	0.07636032	0.2228754	0.9718516	0.1388571	0.2251161	0.9643866	0.820444175107373
63816820001902	 sample	DepthCalibration	0.720239795317252	0.008938997	0.01805795	0.0520472	0.03410285	-0.026	-0.03357511	-0.026	0.07636032	0.2228754	0.9718516	0.1388571	0.2251161	0.9643866	0.820444175107373
63816820002084	 sample	DepthCalibration	0.80371019588172	0.2755069	2.260291	9.66649	0.03410285	-0.026	-0.03357511	-0.026	-0.006477736	0.2270529	0.9738609	0.06173545	0.2267225	0.9720008	0.755917626538373
63816820002084	 sample	DepthCalibration	0.80371019588172	0.2755069	2.260291	9.66649	0.03410285	-0.026	-0.03357511	-0.026	-0.006477736	0.2270529	0.9738609	0.06173545	0.2267225	0.9720008	0.755917626538373
63816820002103	 sample	DepthCalibration	0.812285101421235	0.2678298	2.273036	9.700713	0.03410285	-0.026	-0.03357511	-0.026	-0.007426417	0.2282081	0.9735841	0.06094918	0.2264805	0.9721069	0.753159824350695
63816820002104	 sample	DepthCalibration	0.812285101421235	0.2678298	2.273036	9.700713	0.03410285	-0.026	-0.03357511	-0.026	-0.007426417	0.2282081	0.9735841	0.06094918	0.2264805	0.9721069	0.753159824350695
63816820002294	 sample	DepthCalibration	0.890574537487278	0.07807305	0.9315053	3.961362	0.03410285	-0.026	-0.03357511	-0.026	-0.02815628	0.2325692	0.9721722	0.06611125	0.2218148	0.972845	0.754114246711077
63816820002294	 sample	DepthCalibration	0.890574537487278	0.07807305	0.9315053	3.961362	0.03410285	-0.026	-0.03357511	-0.026	-0.02815628	0.2325692	0.9721722	0.06611125	0.2218148	0.972845	0.754114246711077
63816820002313	 sample	DepthCalibration	0.898312136984492	0.04003628	0.512526	2.168749	0.03410285	-0.026	-0.03357511	-0.026	-0.03155088	0.2330207	0.9719598	0.06679575	0.2211612	0.9729471	0.753265703677068
63816820002314	 sample	DepthCalibration	0.898312136984492	0.04003628	0.512526	2.168749	0.03410285	-0.026	-0.03357511	-0.026	-0.03155088	0.2330207	0.9719598	0.06679575	0.2211612	0.9729471	0.753265703677068
63816820002494	 sample	DepthCalibration	0.966322441445197	0.04991275	1.590755	7.0921	0.03410285	-0.026	-0.03357511	-0.026	-0.04977066	0.221257	0.9739447	0.06336267	0.2142323	0.9747254	1.00911792004547
63816820002495	 sample	DepthCalibration	0.966322441445197	0.04991275	1.590755	7.0921	0.03410285	-0.026	-0.03357511	-0.026	-0.04977066	0.221257	0.9739447	0.06336267	0.2142323	0.9747254	1.00911792004547
63816820002516	 sample	DepthCalibration	0.974015722096974	0.04837179	1.629612	7.344492	0.03410285	-0.026	-0.03357511	-0.026	-0.05043353	0.2186384	0.9745018	0.063159	0.2124251	0.9751341	1.01050447993586
63816820002516	 sample	DepthCalibration	0.974015722096974	0.04837179	1.629612	7.344492	0.03410285	-0.026	-0.03357511	-0.026	-0.05043353	0.2186384	0.9745018	0.063159	0.2124251	0.9751341	1.01050447993586
63816820002698	 sample	DepthCalibration	1.03757209297554	0.02038437	0.4204834	1.996459	0.03410285	-0.026	-0.03357511	-0.026	-0.03914616	0.2041429	0.9781581	0.05860245	0.2024596	0.9775356	1.17137632954222
63816820002699	 sample	DepthCalibration	1.03757209297554	0.02038437	0.4204834	1.996459	0.03410285	-0.026	-0.03357511	-0.026	-0.03914616	0.2041429	0.9781581	0.05860245	0.2024596	0.9775356	1.17137632954222
63816820002720	 sample	DepthCalibration	1.0448135462429	0.01630549	0.3203315	1.517779	0.03410285	-0.026	-0.03357511	-0.026	-0.03827856	0.2033836	0.9783506	0.05860245	0.2024596	0.9775356	1.17335960860238
63816820002720	 sample	DepthCalibration	1.0448135462429	0.01630549	0.3203315	1.517779	0.03410285	-0.026	-0.03357511	-0.026	-0.03827856	0.2033836	0.9783506	0.05860245	0.2024596	0.9775356	1.17335960860238
63816820002907	 sample	DepthCalibration	1.10563108512623	0.0270439	0.4707803	2.193095	0.03410285	-0.026	-0.03357511	-0.026	-0.031525	0.2093177	0.9773394	0.05511167	0.2053248	0.977141	1.00502373253126
63816820002908	 sample	DepthCalibration	1.10563108512623	0.0270439	0.4707803	2.193095	0.03410285	-0.026	-0.03357511	-0.026	-0.031525	0.2093177	0.9773394	0.05511167	0.2053248	0.977141	1.00502373253126
63816820002928	 sample	DepthCalibration	1.11243403807122	0.02409475	0.4247332	1.994111	0.03410285	-0.026	-0.03357511	-0.026	-0.03188991	0.2071328	0.9777929	0.05495539	0.2039587	0.9774358	1.13706873839576
63816820002929	 sample	DepthCalibration	1.11243403807122	0.02409475	0.4247332	1.994111	0.03410285	-0.026	-0.03357511	-0.026	-0.03188991	0.2071328	0.9777929	0.05495539	0.2039587	0.9774358	1.13706873839576
63816820003110	 sample	DepthCalibration	1.16810270325928	0.01588863	0.3600118	1.789856	0.03410285	-0.026	-0.03357511	-0.026	-0.03226904	0.1919779	0.9808686	0.04913509	0.1966345	0.9792449	1.55789079346197
63816820003111	 sample	DepthCalibration	1.16810270325928	0.01588863	0.3600118	1.789856	0.03410285	-0.026	-0.03357511	-0.026	-0.03226904	0.1919779	0.9808686	0.04913509	0.1966345	0.9792449	1.55789079346197
63816820003132	 sample	DepthCalibration	1.17503044007824	0.01044424	0.2653698	1.305391	0.03410285	-0.026	-0.03357511	-0.026	-0.03314157	0.1927445	0.9806892	0.04812652	0.1978655	0.979047	0.996896982171003
63816820003133	 sample	DepthCalibration	1.17503044007824	0.01044424	0.2653698	1.305391	0.03410285	-0.026	-0.03357511	-0.026	-0.03314157	0.1927445	0.9806892	0.04812652	0.1978655	0.979047	0.996896982171003
63816820003319	 sample	DepthCalibration	1.22923653075384	0.004399864	0.1698779	0.7512858	0.03410285	-0.026	-0.03357511	-0.026	-0.03412786	0.2137164	0.9762995	0.04451643	0.2129734	0.9760433	0.785633838377028
63816820003320	 sample	DepthCalibration	1.22923653075384	0.004399864	0.1698779	0.7512858	0.03410285	-0.026	-0.03357511	-0.026	-0.03412786	0.2137164	0.9762995	0.04451643	0.2129734	0.9760433	0.785633838377028
63816820003340	 sample	DepthCalibration	1.2355473902192	0.006013094	0.2249324	0.9953915	0.03410285	-0.026	-0.03357511	-0.026	-0.03368942	0.2154709	0.975929	0.044675	0.2143285	0.9757394	0.805634334295951
63816820003341	 sample	DepthCalibration	1.2355473902192	0.006013094	0.2249324	0.9953915	0.03410285	-0.026	-0.03357511	-0.026	-0.03368942	0.2154709	0.975929	0.044675	0.2143285	0.9757394	0.805634334295951
63816820003521	 sample	DepthCalibration	1.28524330099423	0.04510248	1.015146	4.65294	0.03410285	-0.026	-0.03357511	-0.026	-0.02680715	0.2120009	0.9769017	0.04552444	0.2117586	0.9762611	1.00061755580172
63816820003521	 sample	DepthCalibration	1.28524330099423	0.04510248	1.015146	4.65294	0.03410285	-0.026	-0.03357511	-0.026	-0.02680715	0.2120009	0.9769017	0.04552444	0.2117586	0.9762611	1.00061755580172
63816820003542	 sample	DepthCalibration	1.29137342980156	0.03919744	0.9220179	4.257097	0.03410285	-0.026	-0.03357511	-0.026	-0.02760547	0.2101988	0.9772688	0.04536589	0.2104004	0.9765621	1.0000412859412
63816820003543	 sample	DepthCalibration	1.29137342980156	0.03919744	0.9220179	4.257097	0.03410285	-0.026	-0.03357511	-0.026	-0.02760547	0.2101988	0.9772688	0.04536589	0.2104004	0.9765621	1.0000412859412
63816820003733	 sample	DepthCalibration	1.34202176226496	0.001625592	0.2219081	1.025239	0.03410285	-0.026	-0.03357511	-0.026	-0.03363937	0.2022015	0.978766	0.03617265	0.2106233	0.9768978	0.833849159869775
63816820003734	 sample	DepthCalibration	1.34202176226496	0.001625592	0.2219081	1.025239	0.03410285	-0.026	-0.03357511	-0.026	-0.03363937	0.2022015	0.978766	0.03617265	0.2106233	0.9768978	0.833849159869775
63816820003756	 sample	DepthCalibration	1.34805990614627	0.002016348	0.2731614	1.267478	0.03410285	-0.026	-0.03357511	-0.026	-0.0332044	0.2018213	0.9788594	0.03585403	0.2111797	0.9767894	0.835373225306011
63816820003757	 sample	DepthCalibration	1.34805990614627	0.002016348	0.2731614	1.267478	0.03410285	-0.026	-0.03357511	-0.026	-0.0332044	0.2018213	0.9788594	0.03585403	0.2111797	0.9767894	0.835373225306011
63816820003946	 sample	DepthCalibration	1.3964202652734	-0.01226557	0.4366077	1.928856	0.03410285	-0.026	-0.03357511	-0.026	-0.03903438	0.21868	0.9750156	0.02653081	0.2170264	0.9758051	0.95393516391177
63816820003947	 sample	DepthCalibration	1.3964202652734	-0.01226557	0.4366077	1.928856	0.03410285	-0.026	-0.03357511	-0.026	-0.03903438	0.21868	0.9750156	0.02653081	0.2170264	0.9758051	0.95393516391177
63816820003968	 sample	DepthCalibration	1.4018342944293	-0.009049148	0.3742601	1.65232	0.03410285	-0.026	-0.03357511	-0.026	-0.03853117	0.2178891	0.9752126	0.02770531	0.2171676	0.9757411	1.00337842993932
63816820003968	 sample	DepthCalibration	1.4018342944293	-0.009049148	0.3742601	1.65232	0.03410285	-0.026	-0.03357511	-0.026	-0.03853117	0.2178891	0.9752126	0.02770531	0.2171676	0.9757411	1.00337842993932
63816820004156	 sample	DepthCalibration	1.44808718365654	-0.003193713	0.2082115	0.9539527	0.03410285	-0.026	-0.03357511	-0.026	-0.03726731	0.2017791	0.9787218	0.03036888	0.2136363	0.9764411	1.01899615012656
63816820004156	 sample	DepthCalibration	1.44808718365654	-0.003193713	0.2082115	0.9539527	0.03410285	-0.026	-0.03357511	-0.026	-0.03726731	0.2017791	0.9787218	0.03036888	0.2136363	0.9764411	1.01899615012656
63816820004179	 sample	DepthCalibration	1.45376466187737	-0.003968632	0.2421808	1.116459	0.03410285	-0.026	-0.03357511	-0.026	-0.03755858	0.2013141	0.9788064	0.03031455	0.2131845	0.9765415	1.01899615012656
63816820004180	 sample	DepthCalibration	1.45376466187737	-0.003968632	0.2421808	1.116459	0.03410285	-0.026	-0.03357511	-0.026	-0.03755858	0.2013141	0.9788064	0.03031455	0.2131845	0.9765415	1.01899615012656
63816820004368	 sample	DepthCalibration	1.49834660959497	-0.01357734	0.4644475	2.100575	0.03410285	-0.026	-0.03357511	-0.026	-0.0393442	0.2118333	0.9765135	0.0266338	0.2146695	0.9763235	0.928238827812262
63816820004369	 sample	DepthCalibration	1.49834660959497	-0.01357734	0.4644475	2.100575	0.03410285	-0.026	-0.03357511	-0.026	-0.0393442	0.2118333	0.9765135	0.0266338	0.2146695	0.9763235	0.928238827812262
63816820004390	 sample	DepthCalibration	1.50367295078111	-0.01499655	0.4848017	2.174174	0.03410285	-0.026	-0.03357511	-0.026	-0.03948047	0.2148028	0.9758592	0.02594099	0.215327	0.9761974	0.934351534607771
63816820004391	 sample	DepthCalibration	1.50367295078111	-0.01499655	0.4848017	2.174174	0.03410285	-0.026	-0.03357511	-0.026	-0.03948047	0.2148028	0.9758592	0.02594099	0.215327	0.9761974	0.934351534607771
63816820004574	 sample	DepthCalibration	1.54581484445104	-0.008328516	0.2791853	1.197622	0.03410285	-0.026	-0.03357511	-0.026	-0.03771194	0.2260202	0.9733924	0.02402658	0.2186471	0.9755082	0.911030974653194
63816820004575	 sample	DepthCalibration	1.54581484445104	-0.008328516	0.2791853	1.197622	0.03410285	-0.026	-0.03357511	-0.026	-0.03771194	0.2260202	0.9733924	0.02402658	0.2186471	0.9755082	0.911030974653194
63816820004596	 sample	DepthCalibration	1.55103474810381	-0.03000306	0.6717393	2.877918	0.03410285	-0.026	-0.03357511	-0.026	-0.04079581	0.2290322	0.9725636	0.02049727	0.2214704	0.9749517	0.905413173365395
63816820004598	 sample	DepthCalibration	1.55103474810381	-0.03000306	0.6717393	2.877918	0.03410285	-0.026	-0.03357511	-0.026	-0.04079581	0.2290322	0.9725636	0.02049727	0.2214704	0.9749517	0.905413173365395
63816820004798	 sample	DepthCalibration	1.59604098643113	-0.3222472	2.440149	9.59549	0.03410285	-0.026	-0.03357511	-0.026	-0.06494088	0.2507867	0.9658616	2.803947E-05	0.2403499	0.9706863	0.783507721854211
63816820004800	 sample	DepthCalibration	1.59604098643113	-0.3222472	2.440149	9.59549	0.03410285	-0.026	-0.03357511	-0.026	-0.06494088	0.2507867	0.9658616	2.803947E-05	0.2403499	0.9706863	0.783507721854211
63816820004998	 sample	DepthCalibration	1.63892348930056	-0.3818956	2.493124	9.650506	0.03410285	-0.026	-0.03357511	-0.026	-0.06839199	0.2540826	0.9647614	-0.008005252	0.2443163	0.9696625	0.786741847057275
63816820004999	 sample	DepthCalibration	1.63892348930056	-0.3818956	2.493124	9.650506	0.03410285	-0.026	-0.03357511	-0.026	-0.06839199	0.2540826	0.9647614	-0.008005252	0.2443163	0.9696625	0.786741847057275
63816820005003	 sample	DepthCalibration	1.64032321152448	-0.3822288	2.495136	9.649973	0.03410285	-0.026	-0.03357511	-0.026	-0.06845845	0.2544838	0.9646509	-0.008005252	0.2443163	0.9696625	0.786741847057275
63816820005004	 sample	DepthCalibration	1.64032321152448	-0.3822288	2.495136	9.649973	0.03410285	-0.026	-0.03357511	-0.026	-0.06845845	0.2544838	0.9646509	-0.008005252	0.2443163	0.9696625	0.786741847057275
63816820005198	 sample	DepthCalibration	1.68131812145532	-0.1529758	2.041571	7.307763	0.03410285	-0.026	-0.03357511	-0.026	-0.05060858	0.2754394	0.9599854	0.01037738	0.2605502	0.9654045	0.802280773952634
63816820005199	 sample	DepthCalibration	1.68131812145532	-0.1529758	2.041571	7.307763	0.03410285	-0.026	-0.03357511	-0.026	-0.05060858	0.2754394	0.9599854	0.01037738	0.2605502	0.9654045	0.802280773952634
63816820005204	 sample	DepthCalibration	1.68270652387713	-0.1493582	2.002525	7.179448	0.03410285	-0.026	-0.03357511	-0.026	-0.05025231	0.2754785	0.9599929	0.01026635	0.2596893	0.9656376	0.801621586292383
63816820005205	 sample	DepthCalibration	1.68270652387713	-0.1493582	2.002525	7.179448	0.03410285	-0.026	-0.03357511	-0.026	-0.05025231	0.2754785	0.9599929	0.01026635	0.2596893	0.9656376	0.801621586292383
63816820005402	 sample	DepthCalibration	1.72305846762795	-0.01655732	0.383392	1.330328	0.03410285	-0.026	-0.03357511	-0.026	-0.03798375	0.278017	0.9598249	0.0141253	0.2657697	0.9639331	0.792390339245661
63816820005403	 sample	DepthCalibration	1.72305846762795	-0.01655732	0.383392	1.330328	0.03410285	-0.026	-0.03357511	-0.026	-0.03798375	0.278017	0.9598249	0.0141253	0.2657697	0.9639331	0.792390339245661
63816820005408	 sample	DepthCalibration	1.72436874283433	-0.01415952	0.3393576	1.172745	0.03410285	-0.026	-0.03357511	-0.026	-0.03769587	0.2784458	0.9597119	0.0145516	0.2660993	0.9638358	0.788011050703499
63816820005409	 sample	DepthCalibration	1.72436874283433	-0.01415952	0.3393576	1.172745	0.03410285	-0.026	-0.03357511	-0.026	-0.03769587	0.2784458	0.9597119	0.0145516	0.2660993	0.9638358	0.788011050703499
63816820005610	 sample	DepthCalibration	1.76477354331361	0.008264596	2.104357	7.080108	0.03410285	-0.026	-0.03357511	-0.026	-0.02095417	0.2885512	0.9572352	0.02311273	0.2791936	0.9599566	0.944529259998814
63816820005610	 sample	DepthCalibration	1.76477354331361	0.008264596	2.104357	7.080108	0.03410285	-0.026	-0.03357511	-0.026	-0.02095417	0.2885512	0.9572352	0.02311273	0.2791936	0.9599566	0.944529259998814
63816820005799	 sample	DepthCalibration	1.80175093155868	0.2433969	2.645598	8.992767	0.03410285	-0.026	-0.03357511	-0.026	-0.002042236	0.2870497	0.9579135	0.05374099	0.2754987	0.9597981	0.576753213509093
63816820005799	 sample	DepthCalibration	1.80175093155868	0.2433969	2.645598	8.992767	0.03410285	-0.026	-0.03357511	-0.026	-0.002042236	0.2870497	0.9579135	0.05374099	0.2754987	0.9597981	0.576753213509093
63816820005821	 sample	DepthCalibration	1.80638498508069	0.2493547	2.5439	8.678945	0.03410285	-0.026	-0.03357511	-0.026	-0.0005323719	0.2868185	0.9579848	0.05542108	0.2737457	0.9602041	0.578603331422
63816820005822	 sample	DepthCalibration	1.80638498508069	0.2493547	2.5439	8.678945	0.03410285	-0.026	-0.03357511	-0.026	-0.0005323719	0.2868185	0.9579848	0.05542108	0.2737457	0.9602041	0.578603331422
63816820006005	 sample	DepthCalibration	1.84160890560565	0.0006833223	0.002702808	-0.01637844	0.03410285	-0.026	-0.03357511	-0.026	0.01417838	0.2733246	0.9618174	0.0696569	0.2668763	0.9612101	0.535501742209177
63816820006006	 sample	DepthCalibration	1.84160890560565	0.0006833223	0.002702808	-0.01637844	0.03410285	-0.026	-0.03357511	-0.026	0.01417838	0.2733246	0.9618174	0.0696569	0.2668763	0.9612101	0.535501742209177
63816820006029	 sample	DepthCalibration	1.84617048532678	0.001234928	0.006069836	-0.004287606	0.03410285	-0.026	-0.03357511	-0.026	0.01455529	0.2713613	0.9623675	0.07147461	0.2663876	0.9612123	0.541775010816788
63816820006030	 sample	DepthCalibration	1.84617048532678	0.001234928	0.006069836	-0.004287606	0.03410285	-0.026	-0.03357511	-0.026	0.01455529	0.2713613	0.9623675	0.07147461	0.2663876	0.9612123	0.541775010816788
63816820006219	 sample	DepthCalibration	1.88183017288378	0.003259103	0.01569619	0.03108009	0.03410285	-0.026	-0.03357511	-0.026	0.02011253	0.2655222	0.963895	0.08090372	0.2638415	0.9611671	0.503433574925034
63816820006220	 sample	DepthCalibration	1.88183017288378	0.003259103	0.01569619	0.03108009	0.03410285	-0.026	-0.03357511	-0.026	0.02011253	0.2655222	0.963895	0.08090372	0.2638415	0.9611671	0.503433574925034
63816820006240	 sample	DepthCalibration	1.88575438817017	0.003407225	0.01665219	0.03455576	0.03410285	-0.026	-0.03357511	-0.026	0.0193874	0.2654429	0.9639316	0.0805418	0.2639396	0.9611706	0.503798876923772
63816820006241	 sample	DepthCalibration	1.88575438817017	0.003407225	0.01665219	0.03455576	0.03410285	-0.026	-0.03357511	-0.026	0.0193874	0.2654429	0.9639316	0.0805418	0.2639396	0.9611706	0.503798876923772
63816820006422	 sample	DepthCalibration	1.91918285345931	0.006352096	0.02419943	0.06342035	0.03410285	-0.026	-0.03357511	-0.026	0.03353289	0.261315	0.9646709	0.09755939	0.259749	0.9607354	0.483638864250546
63816820006423	 sample	DepthCalibration	1.91918285345931	0.006352096	0.02419943	0.06342035	0.03410285	-0.026	-0.03357511	-0.026	0.03353289	0.261315	0.9646709	0.09755939	0.259749	0.9607354	0.483638864250546
63816820006446	 sample	DepthCalibration	1.92354257081264	0.007249193	0.02688532	0.0735193	0.03410285	-0.026	-0.03357511	-0.026	0.03506614	0.2610763	0.964681	0.1000751	0.2590589	0.960663	0.483843648161809
63816820006446	 sample	DepthCalibration	1.92354257081264	0.007249193	0.02688532	0.0735193	0.03410285	-0.026	-0.03357511	-0.026	0.03506614	0.2610763	0.964681	0.1000751	0.2590589	0.960663	0.483843648161809
63816820006630	 sample	DepthCalibration	1.95666872119742	0.003546868	0.01307954	0.02434716	0.03410285	-0.026	-0.03357511	-0.026	0.03311405	0.248166	0.9681514	0.09280302	0.25349	0.9628761	0.511147002030987
63816820006631	 sample	DepthCalibration	1.95666872119742	0.003546868	0.01307954	0.02434716	0.03410285	-0.026	-0.03357511	-0.026	0.03311405	0.248166	0.9681514	0.09280302	0.25349	0.9628761	0.511147002030987
63816820006653	 sample	DepthCalibration	1.96090102446778	0.003003441	0.0112256	0.01725362	0.03410285	-0.026	-0.03357511	-0.026	0.03173067	0.2476005	0.9683425	0.09059843	0.2536517	0.9630435	0.510556355471264
63816820006654	 sample	DepthCalibration	1.96090102446778	0.003003441	0.0112256	0.01725362	0.03410285	-0.026	-0.03357511	-0.026	0.03173067	0.2476005	0.9683425	0.09059843	0.2536517	0.9630435	0.510556355471264
63816820006835	 sample	DepthCalibration	1.99314498331526	0.001352359	0.003577733	-0.01130855	0.03410285	-0.026	-0.03357511	-0.026	0.04365335	0.2360531	0.9707592	0.09989078	0.2357576	0.9666644	0.639465474998328
63816820006836	 sample	DepthCalibration	1.99314498331526	0.001352359	0.003577733	-0.01130855	0.03410285	-0.026	-0.03357511	-0.026	0.04365335	0.2360531	0.9707592	0.09989078	0.2357576	0.9666644	0.639465474998328
63816820006858	 sample	DepthCalibration	1.99705628481091	0.001206516	0.003040771	-0.01346052	0.03410285	-0.026	-0.03357511	-0.026	0.04483175	0.2357666	0.9707751	0.1008368	0.2341266	0.9669626	0.63929552464632
63816820006859	 sample	DepthCalibration	1.99705628481091	0.001206516	0.003040771	-0.01346052	0.03410285	-0.026	-0.03357511	-0.026	0.04483175	0.2357666	0.9707751	0.1008368	0.2341266	0.9669626	0.63929552464632
63816820007041	 sample	DepthCalibration	2.02902005375502	0.005933447	0.01510394	0.04026907	0.03410285	-0.026	-0.03357511	-0.026	0.05924718	0.2213821	0.9733857	0.1069574	0.221392	0.9693016	0.831578900150783
63816820007042	 sample	DepthCalibration	2.02902005375502	0.005933447	0.01510394	0.04026907	0.03410285	-0.026	-0.03357511	-0.026	0.05924718	0.2213821	0.9733857	0.1069574	0.221392	0.9693016	0.831578900150783
63816820007063	 sample	DepthCalibration	2.0328133069212	0.005845516	0.01471455	0.03877908	0.03410285	-0.026	-0.03357511	-0.026	0.05977604	0.2205931	0.9735325	0.1076335	0.2207381	0.969376	0.831062938723209
63816820007064	 sample	DepthCalibration	2.0328133069212	0.005845516	0.01471455	0.03877908	0.03410285	-0.026	-0.03357511	-0.026	0.05977604	0.2205931	0.9735325	0.1076335	0.2207381	0.969376	0.831062938723209
63816820007252	 sample	DepthCalibration	2.06495785926512	0.007562582	0.02395121	0.08337616	0.03410285	-0.026	-0.03357511	-0.026	0.04425528	0.2073015	0.9772756	0.08580925	0.2195136	0.9718285	1.08746182493676
63816820007253	 sample	DepthCalibration	2.06495785926512	0.007562582	0.02395121	0.08337616	0.03410285	-0.026	-0.03357511	-0.026	0.04425528	0.2073015	0.9772756	0.08580925	0.2195136	0.9718285	1.08746182493676
63816820007274	 sample	DepthCalibration	2.06888966160965	0.00748113	0.02530142	0.0894793	0.03410285	-0.026	-0.03357511	-0.026	0.04048992	0.2073015	0.9774388	0.08135523	0.2198486	0.9721357	1.07309478329356
63816820007275	 sample	DepthCalibration	2.06888966160965	0.00748113	0.02530142	0.0894793	0.03410285	-0.026	-0.03357511	-0.026	0.04048992	0.2073015	0.9774388	0.08135523	0.2198486	0.9721357	1.07309478329356
63816820007462	 sample	DepthCalibration	2.10018319738671	0.006636441	0.02152675	0.08016626	0.03410285	-0.026	-0.03357511	-0.026	0.03830063	0.1906143	0.9809176	0.07912264	0.206045	0.9753385	1.20378763855948
63816820007462	 sample	DepthCalibration	2.10018319738671	0.006636441	0.02152675	0.08016626	0.03410285	-0.026	-0.03357511	-0.026	0.03830063	0.1906143	0.9809176	0.07912264	0.206045	0.9753385	1.20378763855948
63816820007482	 sample	DepthCalibration	2.10377799747036	0.006281556	0.01998238	0.07375939	0.03410285	-0.026	-0.03357511	-0.026	0.03840158	0.18801	0.9814161	0.07965695	0.2040159	0.9757214	1.56177149274456
63816820007483	 sample	DepthCalibration	2.10377799747036	0.006281556	0.01998238	0.07375939	0.03410285	-0.026	-0.03357511	-0.026	0.03840158	0.18801	0.9814161	0.07965695	0.2040159	0.9757214	1.56177149274456
63816820007664	 sample	DepthCalibration	2.13364145567118	0.003997595	0.0104987	0.03363873	0.03410285	-0.026	-0.03357511	-0.026	0.04120361	0.1601109	0.9862387	0.08184164	0.1858745	0.9791591	2.11011411530746
63816820007665	 sample	DepthCalibration	2.13364145567118	0.003997595	0.0104987	0.03363873	0.03410285	-0.026	-0.03357511	-0.026	0.04120361	0.1601109	0.9862387	0.08184164	0.1858745	0.9791591	2.11011411530746
63816820007670	 sample	DepthCalibration	2.13465405004197	0.004180274	0.01100214	0.03658515	0.03410285	-0.026	-0.03357511	-0.026	0.04120361	0.1601109	0.9862387	0.08179136	0.1854119	0.979251	2.11011411530746
63816820007671	 sample	DepthCalibration	2.13465405004197	0.004180274	0.01100214	0.03658515	0.03410285	-0.026	-0.03357511	-0.026	0.04120361	0.1601109	0.9862387	0.08179136	0.1854119	0.979251	2.11011411530746
63816820007690	 sample	DepthCalibration	2.13791858523078	0.003841381	0.009922755	0.03107762	0.03410285	-0.026	-0.03357511	-0.026	0.04122527	0.1578847	0.9865966	0.08200679	0.1839172	0.9795148	3.19196528496031
63816820007691	 sample	DepthCalibration	2.13791858523078	0.003841381	0.009922755	0.03107762	0.03410285	-0.026	-0.03357511	-0.026	0.04122527	0.1578847	0.9865966	0.08200679	0.1839172	0.9795148	3.19196528496031
63816820007884	 sample	DepthCalibration	2.1694525512444	0.002521131	0.006434225	0.01436086	0.03410285	-0.026	-0.03357511	-0.026	0.03587772	0.1411099	0.9893436	0.07437822	0.1731694	0.9820796	4.15813826034271
63816820007885	 sample	DepthCalibration	2.1694525512444	0.002521131	0.006434225	0.01436086	0.03410285	-0.026	-0.03357511	-0.026	0.03587772	0.1411099	0.9893436	0.07437822	0.1731694	0.9820796	4.15813826034271
63816820007891	 sample	DepthCalibration	2.17068306029985	0.002111157	0.005272036	0.00722681	0.03410285	-0.026	-0.03357511	-0.026	0.03529099	0.1401386	0.9895028	0.07432669	0.1727024	0.9821657	4.09717101195781
63816820007891	 sample	DepthCalibration	2.17068306029985	0.002111157	0.005272036	0.00722681	0.03410285	-0.026	-0.03357511	-0.026	0.03529099	0.1401386	0.9895028	0.07432669	0.1727024	0.9821657	4.09717101195781
63816820008089	 sample	DepthCalibration	2.20230097950748	0.001109873	0.002714554	-0.009612327	0.03410285	-0.026	-0.03357511	-0.026	0.03175769	0.1451216	0.988904	0.06993573	0.1811787	0.9809604	6.69535146847831
63816820008090	 sample	DepthCalibration	2.20230097950748	0.001109873	0.002714554	-0.009612327	0.03410285	-0.026	-0.03357511	-0.026	0.03175769	0.1451216	0.988904	0.06993573	0.1811787	0.9809604	6.69535146847831
63816820008096	 sample	DepthCalibration	2.20353316185297	0.001135353	0.002780642	-0.009192569	0.03410285	-0.026	-0.03357511	-0.026	0.03220657	0.1447253	0.9889476	0.06993573	0.1811787	0.9809604	6.68814546927476
63816820008097	 sample	DepthCalibration	2.20353316185297	0.001135353	0.002780642	-0.009192569	0.03410285	-0.026	-0.03357511	-0.026	0.03220657	0.1447253	0.9889476	0.06993573	0.1811787	0.9809604	6.68814546927476
63816820008291	 sample	DepthCalibration	2.2340825029471	0.0006747688	0.001583538	-0.01582767	0.03410285	-0.026	-0.03357511	-0.026	0.02093506	0.1334574	0.9908334	0.05879715	0.1738147	0.9830216	5.24502383234177
63816820008291	 sample	DepthCalibration	2.2340825029471	0.0006747688	0.001583538	-0.01582767	0.03410285	-0.026	-0.03357511	-0.026	0.02093506	0.1334574	0.9908334	0.05879715	0.1738147	0.9830216	5.24502383234177
63816820008311	 sample	DepthCalibration	2.23748988996385	0.0006161992	0.001363242	-0.01720381	0.03410285	-0.026	-0.03357511	-0.026	0.02086079	0.1339006	0.9907752	0.05821382	0.1720535	0.983366	4.1407219591849
63816820008312	 sample	DepthCalibration	2.23748988996385	0.0006161992	0.001363242	-0.01720381	0.03410285	-0.026	-0.03357511	-0.026	0.02086079	0.1339006	0.9907752	0.05821382	0.1720535	0.983366	4.1407219591849
63816820008496	 sample	DepthCalibration	2.26600180813885	0.001580884	0.007553929	0.02204619	0.03410285	-0.026	-0.03357511	-0.026	0.005145761	0.1351852	0.990807	0.04896791	0.1751907	0.983316	3.96688320823025
63816820008496	 sample	DepthCalibration	2.26600180813885	0.001580884	0.007553929	0.02204619	0.03410285	-0.026	-0.03357511	-0.026	0.005145761	0.1351852	0.990807	0.04896791	0.1751907	0.983316	3.96688320823025
63816820008519	 sample	DepthCalibration	2.26956434110853	0.001403345	0.006550808	0.0154148	0.03410285	-0.026	-0.03357511	-0.026	0.005286502	0.1365576	0.9906181	0.04902158	0.1756569	0.9832302	4.02363049842897
63816820008520	 sample	DepthCalibration	2.26956434110853	0.001403345	0.006550808	0.0154148	0.03410285	-0.026	-0.03357511	-0.026	0.005286502	0.1365576	0.9906181	0.04902158	0.1756569	0.9832302	4.02363049842897
63816820008704	 sample	DepthCalibration	2.29798281157384	0.1439026	1.492074	9.764475	0.03410285	-0.026	-0.03357511	-0.026	-0.005695671	0.1325261	0.9911631	0.03468945	0.1686521	0.985065	3.79709014786771
63816820008704	 sample	DepthCalibration	2.29798281157384	0.1439026	1.492074	9.764475	0.03410285	-0.026	-0.03357511	-0.026	-0.005695671	0.1325261	0.9911631	0.03468945	0.1686521	0.985065	3.79709014786771
63816820008726	 sample	DepthCalibration	2.30136831465325	0.1304289	1.490685	9.838835	0.03410285	-0.026	-0.03357511	-0.026	-0.006942476	0.1310175	0.9913557	0.033024	0.1676753	0.985289	3.79537010011473
63816820008727	 sample	DepthCalibration	2.30136831465325	0.1304289	1.490685	9.838835	0.03410285	-0.026	-0.03357511	-0.026	-0.006942476	0.1310175	0.9913557	0.033024	0.1676753	0.985289	3.79537010011473
63816820008910	 sample	DepthCalibration	2.3291496735728	-0.03080636	0.5363699	3.690746	0.03410285	-0.026	-0.03357511	-0.026	-0.02880146	0.1383266	0.9899678	0.01225806	0.1472646	0.9890212	3.82377617049172
63816820008911	 sample	DepthCalibration	2.3291496735728	-0.03080636	0.5363699	3.690746	0.03410285	-0.026	-0.03357511	-0.026	-0.02880146	0.1383266	0.9899678	0.01225806	0.1472646	0.9890212	3.82377617049172
63816820008932	 sample	DepthCalibration	2.33253092819921	-0.02321045	0.3046253	2.108764	0.03410285	-0.026	-0.03357511	-0.026	-0.03172552	0.1379729	0.9899278	0.009959776	0.1444803	0.9894575	3.45963927419276
63816820008933	 sample	DepthCalibration	2.33253092819921	-0.02321045	0.3046253	2.108764	0.03410285	-0.026	-0.03357511	-0.026	-0.03172552	0.1379729	0.9899278	0.009959776	0.1444803	0.9894575	3.45963927419276
63816820009114	 sample	DepthCalibration	2.35948645726363	-0.3123486	1.387613	9.433547	0.03410285	-0.026	-0.03357511	-0.026	-0.06237801	0.1319934	0.9892859	-0.002947431	0.1579707	0.9874394	1.51333709509871
63816820009114	 sample	DepthCalibration	2.35948645726363	-0.3123486	1.387613	9.433547	0.03410285	-0.026	-0.03357511	-0.026	-0.06237801	0.1319934	0.9892859	-0.002947431	0.1579707	0.9874394	1.51333709509871
63816820009119	 sample	DepthCalibration	2.36040853132533	-0.3111519	1.389277	9.413452	0.03410285	-0.026	-0.03357511	-0.026	-0.06237801	0.1319934	0.9892859	-0.002830909	0.1589142	0.9872884	1.51473845255708
63816820009120	 sample	DepthCalibration	2.36040853132533	-0.3111519	1.389277	9.413452	0.03410285	-0.026	-0.03357511	-0.026	-0.06237801	0.1319934	0.9892859	-0.002830909	0.1589142	0.9872884	1.51473845255708
63816820009152	 sample	DepthCalibration	2.36524173347973	-0.295209	1.41385	9.270675	0.03410285	-0.026	-0.03357511	-0.026	-0.06070337	0.135362	0.9889349	-0.002074345	0.165032	0.986286	1.63247893579227
63816820009153	 sample	DepthCalibration	2.36524173347973	-0.295209	1.41385	9.270675	0.03410285	-0.026	-0.03357511	-0.026	-0.06070337	0.135362	0.9889349	-0.002074345	0.165032	0.986286	1.63247893579227
63816820009340	 sample	DepthCalibration	2.39283939102843	-0.231546	0.7138732	4.362717	0.03410285	-0.026	-0.03357511	-0.026	-0.07661919	0.1469254	0.9861757	-0.02746725	0.1736154	0.9844304	1.04830857836386
63816820009341	 sample	DepthCalibration	2.39283939102843	-0.231546	0.7138732	4.362717	0.03410285	-0.026	-0.03357511	-0.026	-0.07661919	0.1469254	0.9861757	-0.02746725	0.1736154	0.9844304	1.04830857836386
63816820009360	 sample	DepthCalibration	2.39577413292319	-0.2072403	0.6259146	3.803381	0.03410285	-0.026	-0.03357511	-0.026	-0.07820511	0.147629	0.9859461	-0.02855523	0.1744024	0.9842603	1.04942800515578
63816820009361	 sample	DepthCalibration	2.39577413292319	-0.2072403	0.6259146	3.803381	0.03410285	-0.026	-0.03357511	-0.026	-0.07820511	0.147629	0.9859461	-0.02855523	0.1744024	0.9842603	1.04942800515578
63816820009543	 sample	DepthCalibration	2.42223498222459	-0.5282974	1.30001	7.353038	0.03410285	-0.026	-0.03357511	-0.026	-0.09036593	0.1617666	0.9826828	-0.0503346	0.1842899	0.9815822	1.03913735429158
63816820009543	 sample	DepthCalibration	2.42223498222459	-0.5282974	1.30001	7.353038	0.03410285	-0.026	-0.03357511	-0.026	-0.09036593	0.1617666	0.9826828	-0.0503346	0.1842899	0.9815822	1.03913735429158
63816820009561	 sample	DepthCalibration	2.42498284559966	-0.6073152	1.468961	8.261717	0.03410285	-0.026	-0.03357511	-0.026	-0.09093098	0.1630296	0.9824219	-0.05303109	0.1850314	0.9813007	0.995154154988934
63816820009562	 sample	DepthCalibration	2.42498284559966	-0.6073152	1.468961	8.261717	0.03410285	-0.026	-0.03357511	-0.026	-0.09093098	0.1630296	0.9824219	-0.05303109	0.1850314	0.9813007	0.995154154988934
63816820009746	 sample	DepthCalibration	2.45143341249756	-0.5503366	1.089677	5.732084	0.03410285	-0.026	-0.03357511	-0.026	-0.1077686	0.1751237	0.9786305	-0.07928825	0.1950751	0.9775782	0.744799121142106
63816820009746	 sample	DepthCalibration	2.45143341249756	-0.5503366	1.089677	5.732084	0.03410285	-0.026	-0.03357511	-0.026	-0.1077686	0.1751237	0.9786305	-0.07928825	0.1950751	0.9775782	0.744799121142106
63816820009766	 sample	DepthCalibration	2.45439843819629	-0.4587145	0.9016203	4.689885	0.03410285	-0.026	-0.03357511	-0.026	-0.1088138	0.1771938	0.9781421	-0.08148096	0.1966226	0.9770877	0.726838400303788
63816820009766	 sample	DepthCalibration	2.45439843819629	-0.4587145	0.9016203	4.689885	0.03410285	-0.026	-0.03357511	-0.026	-0.1088138	0.1771938	0.9781421	-0.08148096	0.1966226	0.9770877	0.726838400303788
63816820009949	 sample	DepthCalibration	2.48036667020514	-0.7339679	1.851616	8.174819	0.03410285	-0.026	-0.03357511	-0.026	-0.101226	0.2148442	0.9713883	-0.07275848	0.2239171	0.9718885	0.865178762432773
63816820009950	 sample	DepthCalibration	2.48036667020514	-0.7339679	1.851616	8.174819	0.03410285	-0.026	-0.03357511	-0.026	-0.101226	0.2148442	0.9713883	-0.07275848	0.2239171	0.9718885	0.865178762432773
63816820009969	 sample	DepthCalibration	2.48321784559528	-0.681523	1.707256	7.455841	0.03410285	-0.026	-0.03357511	-0.026	-0.1020346	0.2177221	0.9706627	-0.07493462	0.2254249	0.9713745	0.837278979928241
63816820009970	 sample	DepthCalibration	2.48321784559528	-0.681523	1.707256	7.455841	0.03410285	-0.026	-0.03357511	-0.026	-0.1020346	0.2177221	0.9706627	-0.07493462	0.2254249	0.9713745	0.837278979928241
63816820010153	 sample	DepthCalibration	2.5089030048753	-0.06595385	0.160269	0.6240949	0.03410285	-0.026	-0.03357511	-0.026	-0.1077636	0.2384628	0.9651542	-0.08906241	0.237922	0.9671924	0.690512879925588
63816820010154	 sample	DepthCalibration	2.5089030048753	-0.06595385	0.160269	0.6240949	0.03410285	-0.026	-0.03357511	-0.026	-0.1077636	0.2384628	0.9651542	-0.08906241	0.237922	0.9671924	0.690512879925588
63816820010173	 sample	DepthCalibration	2.51180322958873	-0.03386003	0.08270475	0.3077221	0.03410285	-0.026	-0.03357511	-0.026	-0.1078892	0.2392786	0.9649382	-0.089632	0.2394459	0.9667636	0.690512879925588
63816820010174	 sample	DepthCalibration	2.51180322958873	-0.03386003	0.08270475	0.3077221	0.03410285	-0.026	-0.03357511	-0.026	-0.1078892	0.2392786	0.9649382	-0.089632	0.2394459	0.9667636	0.690512879925588
63816820010356	 sample	DepthCalibration	2.53712807546394	-0.1464933	0.3735906	1.403184	0.03410285	-0.026	-0.03357511	-0.026	-0.1100667	0.2534403	0.9610689	-0.08764257	0.249856	0.9643084	0.687570404104443
63816820010356	 sample	DepthCalibration	2.53712807546394	-0.1464933	0.3735906	1.403184	0.03410285	-0.026	-0.03357511	-0.026	-0.1100667	0.2534403	0.9610689	-0.08764257	0.249856	0.9643084	0.687570404104443
63816820010361	 sample	DepthCalibration	2.53797321135299	-0.1501931	0.3834701	1.439629	0.03410285	-0.026	-0.03357511	-0.026	-0.1100667	0.2534403	0.9610689	-0.08757573	0.2502914	0.9642016	0.687570404104443
63816820010362	 sample	DepthCalibration	2.53797321135299	-0.1501931	0.3834701	1.439629	0.03410285	-0.026	-0.03357511	-0.026	-0.1100667	0.2534403	0.9610689	-0.08757573	0.2502914	0.9642016	0.687570404104443
63816820010392	 sample	DepthCalibration	2.5420694709487	-0.1816165	0.4695609	1.757711	0.03410285	-0.026	-0.03357511	-0.026	-0.1092592	0.255165	0.9607046	-0.08699184	0.2514967	0.9639408	0.690209996373101
63816820010392	 sample	DepthCalibration	2.5420694709487	-0.1816165	0.4695609	1.757711	0.03410285	-0.026	-0.03357511	-0.026	-0.1092592	0.255165	0.9607046	-0.08699184	0.2514967	0.9639408	0.690209996373101
63816820010584	 sample	DepthCalibration	2.56838360328995	-0.5249333	1.50005	5.379019	0.03410285	-0.026	-0.03357511	-0.026	-0.1066009	0.2680122	0.9574997	-0.07982533	0.2644521	0.9610895	0.690104415946628
63816820010585	 sample	DepthCalibration	2.56838360328995	-0.5249333	1.50005	5.379019	0.03410285	-0.026	-0.03357511	-0.026	-0.1066009	0.2680122	0.9574997	-0.07982533	0.2644521	0.9610895	0.690104415946628
63816820010605	 sample	DepthCalibration	2.5711802956902	-0.5026346	1.445064	5.147752	0.03410285	-0.026	-0.03357511	-0.026	-0.1060835	0.2692744	0.957203	-0.08032287	0.266359	0.9605213	0.782484292028036
63816820010605	 sample	DepthCalibration	2.5711802956902	-0.5026346	1.445064	5.147752	0.03410285	-0.026	-0.03357511	-0.026	-0.1060835	0.2692744	0.957203	-0.08032287	0.266359	0.9605213	0.782484292028036
63816820010786	 sample	DepthCalibration	2.59593898829634	-0.811538	2.729322	9.181976	0.03410285	-0.026	-0.03357511	-0.026	-0.1008327	0.2790298	0.9549739	-0.06759758	0.2872419	0.9554698	0.755906802795239
63816820010788	 sample	DepthCalibration	2.59593898829634	-0.811538	2.729322	9.181976	0.03410285	-0.026	-0.03357511	-0.026	-0.1008327	0.2790298	0.9549739	-0.06759758	0.2872419	0.9554698	0.755906802795239
63816820010809	 sample	DepthCalibration	2.59879584304573	-0.8166023	2.803927	9.364529	0.03410285	-0.026	-0.03357511	-0.026	-0.1000276	0.2807025	0.9545683	-0.06607467	0.2894503	0.9549097	0.76573246669631
63816820010809	 sample	DepthCalibration	2.59879584304573	-0.8166023	2.803927	9.364529	0.03410285	-0.026	-0.03357511	-0.026	-0.1000276	0.2807025	0.9545683	-0.06607467	0.2894503	0.9549097	0.76573246669631
63816820010993	 sample	DepthCalibration	2.62353374765863	-0.2768479	1.249715	3.926316	0.03410285	-0.026	-0.03357511	-0.026	-0.09037571	0.2939166	0.9515489	-0.04298882	0.307529	0.9505671	0.747387460949901
63816820010994	 sample	DepthCalibration	2.62353374765863	-0.2768479	1.249715	3.926316	0.03410285	-0.026	-0.03357511	-0.026	-0.09037571	0.2939166	0.9515489	-0.04298882	0.307529	0.9505671	0.747387460949901
63816820011012	 sample	DepthCalibration	2.62604538219834	-0.2082894	0.9736649	3.043118	0.03410285	-0.026	-0.03357511	-0.026	-0.08798543	0.2945656	0.9515722	-0.04124691	0.3087765	0.9502398	0.747387460949901
63816820011012	 sample	DepthCalibration	2.62604538219834	-0.2082894	0.9736649	3.043118	0.03410285	-0.026	-0.03357511	-0.026	-0.08798543	0.2945656	0.9515722	-0.04124691	0.3087765	0.9502398	0.747387460949901
63816820011196	 sample	DepthCalibration	2.65062836808501	-0.3458731	2.767585	8.407703	0.03410285	-0.026	-0.03357511	-0.026	-0.06147371	0.3028365	0.9510579	-0.01643642	0.3201044	0.9472396	1.19364458695902
63816820011198	 sample	DepthCalibration	2.65062836808501	-0.3458731	2.767585	8.407703	0.03410285	-0.026	-0.03357511	-0.026	-0.06147371	0.3028365	0.9510579	-0.01643642	0.3201044	0.9472396	1.19364458695902
63816820011217	 sample	DepthCalibration	2.65322937597204	-0.3407633	2.856309	8.667376	0.03410285	-0.026	-0.03357511	-0.026	-0.05913822	0.3038543	0.9508813	-0.01532638	0.3198317	0.9473504	1.13462380191108
63816820011218	 sample	DepthCalibration	2.65322937597204	-0.3407633	2.856309	8.667376	0.03410285	-0.026	-0.03357511	-0.026	-0.05913822	0.3038543	0.9508813	-0.01532638	0.3198317	0.9473504	1.13462380191108
63816820011399	 sample	DepthCalibration	2.67718504676604	-0.04777551	0.8750266	2.568475	0.03410285	-0.026	-0.03357511	-0.026	-0.04035499	0.3134682	0.9487408	0.005280106	0.3254129	0.9455573	1.1421533889551
63816820011400	 sample	DepthCalibration	2.67718504676604	-0.04777551	0.8750266	2.568475	0.03410285	-0.026	-0.03357511	-0.026	-0.04035499	0.3134682	0.9487408	0.005280106	0.3254129	0.9455573	1.1421533889551
63816820011419	 sample	DepthCalibration	2.67985680937775	-0.0118462	0.2640128	0.7550044	0.03410285	-0.026	-0.03357511	-0.026	-0.03695681	0.3145817	0.9485107	0.00758942	0.3256599	0.9454565	1.13187938691636
63816820011420	 sample	DepthCalibration	2.67985680937775	-0.0118462	0.2640128	0.7550044	0.03410285	-0.026	-0.03357511	-0.026	-0.03695681	0.3145817	0.9485107	0.00758942	0.3256599	0.9454565	1.13187938691636
63816820011604	 sample	DepthCalibration	2.70382566687405	0.04473567	2.916179	8.592943	0.03410285	-0.026	-0.03357511	-0.026	-0.01557385	0.3179483	0.9479802	0.02534684	0.3229025	0.9460928	1.26004126488157
63816820011605	 sample	DepthCalibration	2.70382566687405	0.04473567	2.916179	8.592943	0.03410285	-0.026	-0.03357511	-0.026	-0.01557385	0.3179483	0.9479802	0.02534684	0.3229025	0.9460928	1.26004126488157
63816820011623	 sample	DepthCalibration	2.70638294906545	0.04868042	2.944208	8.670583	0.03410285	-0.026	-0.03357511	-0.026	-0.01521872	0.3179851	0.9479735	0.02576292	0.3232075	0.9459774	1.26004126488157
63816820011624	 sample	DepthCalibration	2.70638294906545	0.04868042	2.944208	8.670583	0.03410285	-0.026	-0.03357511	-0.026	-0.01521872	0.3179851	0.9479735	0.02576292	0.3232075	0.9459774	1.26004126488157
63816820011810	 sample	DepthCalibration	2.73020416418575	0.001755503	0.01449362	0.01719333	0.03410285	-0.026	-0.03357511	-0.026	0.009969275	0.3080981	0.9513023	0.05545493	0.3276022	0.9431869	1.57276768697026
63816820011811	 sample	DepthCalibration	2.73020416418575	0.001755503	0.01449362	0.01719333	0.03410285	-0.026	-0.03357511	-0.026	0.009969275	0.3080981	0.9513023	0.05545493	0.3276022	0.9431869	1.57276768697026
63816820011830	 sample	DepthCalibration	2.73287076718923	0.002171578	0.01739345	0.02594287	0.03410285	-0.026	-0.03357511	-0.026	0.012697	0.3072365	0.9515485	0.05689262	0.3272426	0.9432261	1.5806087268184
63816820011831	 sample	DepthCalibration	2.73287076718923	0.002171578	0.01739345	0.02594287	0.03410285	-0.026	-0.03357511	-0.026	0.012697	0.3072365	0.9515485	0.05689262	0.3272426	0.9432261	1.5806087268184
63816820012013	 sample	DepthCalibration	2.7562157003816	0.0009105927	0.005299139	-0.01007481	0.03410285	-0.026	-0.03357511	-0.026	0.01406873	0.3058481	0.9519764	0.06291299	0.3249236	0.9436454	1.59032469457066
63816820012014	 sample	DepthCalibration	2.7562157003816	0.0009105927	0.005299139	-0.01007481	0.03410285	-0.026	-0.03357511	-0.026	0.01406873	0.3058481	0.9519764	0.06291299	0.3249236	0.9436454	1.59032469457066
63816820012033	 sample	DepthCalibration	2.75889449466677	0.001169867	0.006985826	-0.004983714	0.03410285	-0.026	-0.03357511	-0.026	0.01665127	0.3057355	0.9519709	0.06506951	0.3243818	0.9436855	1.59487913615299
63816820012034	 sample	DepthCalibration	2.75889449466677	0.001169867	0.006985826	-0.004983714	0.03410285	-0.026	-0.03357511	-0.026	0.01665127	0.3057355	0.9519709	0.06506951	0.3243818	0.9436855	1.59487913615299
63816820012223	 sample	DepthCalibration	2.78264557189452	0.003455476	0.01870881	0.03118686	0.03410285	-0.026	-0.03357511	-0.026	0.03071708	0.3014398	0.9529903	0.07519008	0.3193745	0.9446409	1.60126349688026
63816820012224	 sample	DepthCalibration	2.78264557189452	0.003455476	0.01870881	0.03118686	0.03410285	-0.026	-0.03357511	-0.026	0.03071708	0.3014398	0.9529903	0.07519008	0.3193745	0.9446409	1.60126349688026
63816820012243	 sample	DepthCalibration	2.78524715922592	0.002922104	0.01576105	0.02215478	0.03410285	-0.026	-0.03357511	-0.026	0.02956028	0.3017043	0.9529431	0.07519008	0.3193745	0.9446409	1.60085488512858
63816820012244	 sample	DepthCalibration	2.78524715922592	0.002922104	0.01576105	0.02215478	0.03410285	-0.026	-0.03357511	-0.026	0.02956028	0.3017043	0.9529431	0.07519008	0.3193745	0.9446409	1.60085488512858
63816820012429	 sample	DepthCalibration	2.80852651714556	0.004953984	0.01794641	0.03188162	0.03410285	-0.026	-0.03357511	-0.026	0.05390729	0.2890899	0.9557829	0.100375	0.3012608	0.948244	1.12974456105662
63816820012430	 sample	DepthCalibration	2.80852651714556	0.004953984	0.01794641	0.03188162	0.03410285	-0.026	-0.03357511	-0.026	0.05390729	0.2890899	0.9557829	0.100375	0.3012608	0.948244	1.12974456105662
63816820012450	 sample	DepthCalibration	2.81132593020986	0.004809678	0.01661839	0.02805312	0.03410285	-0.026	-0.03357511	-0.026	0.05648138	0.2873968	0.9561448	0.1037247	0.2982779	0.9488264	0.854475080437083
63816820012455	 sample	DepthCalibration	2.81132593020986	0.004809678	0.01661839	0.02805312	0.03410285	-0.026	-0.03357511	-0.026	0.05648138	0.2873968	0.9561448	0.1037247	0.2982779	0.9488264	0.854475080437083
63816820012653	 sample	DepthCalibration	2.83635160086819	0.007563647	0.01873017	0.03895139	0.03410285	-0.026	-0.03357511	-0.026	0.08405464	0.2712437	0.9588335	0.1306113	0.2795578	0.9512035	0.465853685982469
63816820012653	 sample	DepthCalibration	2.83635160086819	0.007563647	0.01873017	0.03895139	0.03410285	-0.026	-0.03357511	-0.026	0.08405464	0.2712437	0.9588335	0.1306113	0.2795578	0.9512035	0.465853685982469
63816820012837	 sample	DepthCalibration	2.85895656171358	0.009067379	0.01849074	0.04127388	0.03410285	-0.026	-0.03357511	-0.026	0.1018362	0.2598021	0.9602772	0.1484698	0.2659363	0.9524887	2.71801577017915
63816820012838	 sample	DepthCalibration	2.85895656171358	0.009067379	0.01849074	0.04127388	0.03410285	-0.026	-0.03357511	-0.026	0.1018362	0.2598021	0.9602772	0.1484698	0.2659363	0.9524887	2.71801577017915
63816820012843	 sample	DepthCalibration	2.85973518479394	0.008804924	0.01773569	0.03888241	0.03410285	-0.026	-0.03357511	-0.026	0.1024579	0.2586454	0.9605232	0.1494076	0.2643589	0.9527811	2.85102510539094
63816820012843	 sample	DepthCalibration	2.85973518479394	0.008804924	0.01773569	0.03888241	0.03410285	-0.026	-0.03357511	-0.026	0.1024579	0.2586454	0.9605232	0.1494076	0.2643589	0.9527811	2.85102510539094
63816820012876	 sample	DepthCalibration	2.86383675758956	0.007380266	0.01427915	0.02695415	0.03410285	-0.026	-0.03357511	-0.026	0.104352	0.2568075	0.9608124	0.1529197	0.2594117	0.9535833	2.93970193936671
63816820012878	 sample	DepthCalibration	2.86383675758956	0.007380266	0.01427915	0.02695415	0.03410285	-0.026	-0.03357511	-0.026	0.104352	0.2568075	0.9608124	0.1529197	0.2594117	0.9535833	2.93970193936671
63816820013061	 sample	DepthCalibration	2.88634805531757	0.0005921683	0.0006353303	-0.02354222	0.03410285	-0.026	-0.03357511	-0.026	0.100904	0.2482068	0.9634375	0.1555141	0.2480134	0.9561928	3.32103857733094
63816820013063	 sample	DepthCalibration	2.88634805531757	0.0005921683	0.0006353303	-0.02354222	0.03410285	-0.026	-0.03357511	-0.026	0.100904	0.2482068	0.9634375	0.1555141	0.2480134	0.9561928	3.32103857733094
63816820013081	 sample	DepthCalibration	2.88889768387197	0.002337399	0.003974029	-0.01053838	0.03410285	-0.026	-0.03357511	-0.026	0.1024319	0.2463068	0.9637638	0.1550866	0.2472402	0.9564624	3.02647208908089
63816820013083	 sample	DepthCalibration	2.88889768387197	0.002337399	0.003974029	-0.01053838	0.03410285	-0.026	-0.03357511	-0.026	0.1024319	0.2463068	0.9637638	0.1550866	0.2472402	0.9564624	3.02647208908089
63816820013267	 sample	DepthCalibration	2.91109579396121	0.02345843	0.03919444	0.1434461	0.03410285	-0.026	-0.03357511	-0.026	0.1144592	0.21739	0.9693506	0.1498787	0.2292913	0.9617494	4.05808193902544
63816820013268	 sample	DepthCalibration	2.91109579396121	0.02345843	0.03919444	0.1434461	0.03410285	-0.026	-0.03357511	-0.026	0.1144592	0.21739	0.9693506	0.1498787	0.2292913	0.9617494	4.05808193902544
63816820013288	 sample	DepthCalibration	2.9136155836603	0.02368629	0.03886531	0.144388	0.03410285	-0.026	-0.03357511	-0.026	0.1149701	0.2148872	0.9698481	0.1506521	0.2258652	0.962439	4.08434576492866
63816820013288	 sample	DepthCalibration	2.9136155836603	0.02368629	0.03886531	0.144388	0.03410285	-0.026	-0.03357511	-0.026	0.1149701	0.2148872	0.9698481	0.1506521	0.2258652	0.962439	4.08434576492866
63816820013475	 sample	DepthCalibration	2.93606028886268	0.03389296	0.04874404	0.2241183	0.03410285	-0.026	-0.03357511	-0.026	0.1163183	0.1834292	0.9761269	0.1453191	0.1958038	0.9698161	3.26686920916179
63816820013477	 sample	DepthCalibration	2.93606028886268	0.03389296	0.04874404	0.2241183	0.03410285	-0.026	-0.03357511	-0.026	0.1163183	0.1834292	0.9761269	0.1453191	0.1958038	0.9698161	3.26686920916179
63816820013494	 sample	DepthCalibration	2.93838471420928	0.03181346	0.04548924	0.2097003	0.03410285	-0.026	-0.03357511	-0.026	0.1157042	0.1807242	0.9767043	0.1448774	0.194991	0.9700459	3.25311649472895
63816820013495	 sample	DepthCalibration	2.93838471420928	0.03181346	0.04548924	0.2097003	0.03410285	-0.026	-0.03357511	-0.026	0.1157042	0.1807242	0.9767043	0.1448774	0.194991	0.9700459	3.25311649472895
63816820013675	 sample	DepthCalibration	2.95973249489632	0.02543929	0.03559307	0.1804878	0.03410285	-0.026	-0.03357511	-0.026	0.1045104	0.1595004	0.9816502	0.1340367	0.1777581	0.9749032	0.557685553995817
63816820013676	 sample	DepthCalibration	2.95973249489632	0.02543929	0.03559307	0.1804878	0.03410285	-0.026	-0.03357511	-0.026	0.1045104	0.1595004	0.9816502	0.1340367	0.1777581	0.9749032	0.557685553995817
63816820013694	 sample	DepthCalibration	2.96204639293907	0.02503622	0.03519309	0.1800724	0.03410285	-0.026	-0.03357511	-0.026	0.1028897	0.1579724	0.9820684	0.1324194	0.1763218	0.9753849	0.582490577968673
63816820013695	 sample	DepthCalibration	2.96204639293907	0.02503622	0.03519309	0.1800724	0.03410285	-0.026	-0.03357511	-0.026	0.1028897	0.1579724	0.9820684	0.1324194	0.1763218	0.9753849	0.582490577968673
63816820013700	 sample	DepthCalibration	2.96282850287133	0.02418236	0.03398852	0.1738425	0.03410285	-0.026	-0.03357511	-0.026	0.1023068	0.1570112	0.9822835	0.1320144	0.1759625	0.9755047	0.561363290151708
63816820013701	 sample	DepthCalibration	2.96282850287133	0.02418236	0.03398852	0.1738425	0.03410285	-0.026	-0.03357511	-0.026	0.1023068	0.1570112	0.9822835	0.1320144	0.1759625	0.9755047	0.561363290151708
63816820013895	 sample	DepthCalibration	2.9856361800047	0.01585602	0.0240378	0.1267101	0.03410285	-0.026	-0.03357511	-0.026	0.08613209	0.1411984	0.9862273	0.114532	0.1681574	0.979084	1.45284244375611
63816820013896	 sample	DepthCalibration	2.9856361800047	0.01585602	0.0240378	0.1267101	0.03410285	-0.026	-0.03357511	-0.026	0.08613209	0.1411984	0.9862273	0.114532	0.1681574	0.979084	1.45284244375611
63816820013917	 sample	DepthCalibration	2.98831731238452	0.01633092	0.02505155	0.1335118	0.03410285	-0.026	-0.03357511	-0.026	0.08500998	0.141066	0.9863436	0.1129874	0.167649	0.9793506	2.52630136948882
63816820013918	 sample	DepthCalibration	2.98831731238452	0.01633092	0.02505155	0.1335118	0.03410285	-0.026	-0.03357511	-0.026	0.08500998	0.141066	0.9863436	0.1129874	0.167649	0.9793506	2.52630136948882
63816820014104	 sample	DepthCalibration	3.01011747745638	0.00317909	0.003754842	0.004299644	0.03410285	-0.026	-0.03357511	-0.026	0.07247673	0.1103076	0.9912514	0.1175607	0.1344628	0.9839203	0.910656114164671
63816820014105	 sample	DepthCalibration	3.01011747745638	0.00317909	0.003754842	0.004299644	0.03410285	-0.026	-0.03357511	-0.026	0.07247673	0.1103076	0.9912514	0.1175607	0.1344628	0.9839203	0.910656114164671
63816820014110	 sample	DepthCalibration	3.0093836260362	0.006418187	0.006585582	0.03673607	0.03410285	-0.026	-0.03357511	-0.026	0.06675227	0.10073	0.992672	0.1273596	0.1069841	0.98607	1.29045509364016
63816820014111	 sample	DepthCalibration	3.0093836260362	0.006418187	0.006585582	0.03673607	0.03410285	-0.026	-0.03357511	-0.026	0.06675227	0.10073	0.992672	0.1273596	0.1069841	0.98607	1.29045509364016
63816820014139	Data collection ended	DepthCalibration	
